claim_id,first_name,last_name,email,phone,address_line,postcode
9278afb9-8331-4fe1-9b62-65a1b8d8ed02,Arthur,Bell,arthur.bell.jr@gmail.com,+447700900301,12 Larch Way,LS1 4AB
a4488223-6308-4015-94f9-49e50c51a4a1,Margaret,Osei,margaret.osei91@gmail.com,+447700900302,9 Mill Court,M4 2QT
abd523c6-0935-408d-a8b4-1da1c2cd2cc8,Derek,Nash,dnash.bristol@gmail.com,+447700900303,6 Sable Road,BS2 8HG
b0049305-6016-441b-a464-a25a5edf7c20,George,Adu,g.adu@outlook.com,+447700900304,5 Quay Lane,L1 8XY
847e904c-355c-4188-b5e7-712de3d5ef17,Tessa,Nash,tessa.nash@gmail.com,+447700900305,63 Marsh Way,EH3 9QA
73ab6008-b9a4-44c6-bab5-b388e9e3f38a,Jack,Mora,jack.mora@gmail.com,+447700900306,12 Larch Way,LS1 4AB
56f5ad4d-062a-4d62-8047-ac20fb6c85ca,Arthur,Kane,arthur.kane@gmail.com,+447700900307,14 Larch Way,LS1 4AB
638dd1bf-ca20-4311-bb53-6b35d8075066,Yara,Solis,yara.solis@gmail.com,+447700900308,3 Birch Grove,OX4 7PL
3df0a425-e9e0-464d-b14a-299f2fc9e00d,Fiona,Clarke,fiona.c.new@gmail.com,+447700900310,21 Fen Street,CF10 3AT
3cf9a9c7-4eeb-421b-a309-1a6d90d76683,Zoe,Quinn,zoe.quinn@gmail.com,+447700900311,40 Ash Row,SW9 1DE
4c904f72-3f3c-44bd-a1f6-54529db00387,Leo,Park,leo.park@gmail.com,+447700900312,18 Vale Croft,M20 3RW
de3eb6d2-ab0a-41b2-85e4-fa35dd409267,Nina,Okafor,nina.okafor@gmail.com,+447700900313,7 Dockside,E14 5AB
a4920614-9eac-416e-b39d-55c5b9b1c764,Rosa,Vane,rosa.vane@gmail.com,+447700900315,2 Heath Way,NE1 6PQ
70f73779-7630-425c-a0c1-e207aad40870,Ivo,Marsh,ivo.marsh@gmail.com,+447700900317,25 Glebe Road,BT7 1AA
a5763c67-2a64-40c7-9c77-583345753999,Margaret,Osei,peggy.osei@gmail.com,+447700900318,9 Mill Court,M4 2QQ
1ec4eacd-0019-4455-b7b8-36dfdd6505fd,Sana,Iqbal,sana.iq@gmail.com,+447700900555,11 Rope Walk,PL1 3TT
