patient_id,referrer_id,first_name,last_name,email,phone,address_line,postcode,payment_fingerprint,customer_since,successful_referrals
fef54078-1366-4518-b231-668f8fa54a09,,Arthur,Bell,arthur.bell@gmail.com,+447700900101,12 Larch Way,LS1 4AB,c_9f01,2025-10-04T17:20:52.579733+00:00,0
d66f3bf4-d699-4ab5-9fc1-f62b46283780,fef54078-1366-4518-b231-668f8fa54a09,Margaret,Osei,m.osei@outlook.com,+447700900102,9 Mill Court,M4 2QQ,c_9f02,2025-11-13T17:20:52.579733+00:00,0
e9c85da6-8102-462c-a857-f6181de52ca1,fef54078-1366-4518-b231-668f8fa54a09,Derek,Nash,derek.nash@yahoo.co.uk,+447700900103,4 Sable Road,BS2 8HG,c_9f03,2025-12-23T17:20:52.579733+00:00,0
5791276b-0909-4752-a65e-41c41a55bbd4,d66f3bf4-d699-4ab5-9fc1-f62b46283780,Fiona,Clarke,fiona.clarke@gmail.com,+447700900104,21 Fen Street,CF10 3AT,c_9f04,2026-01-12T17:20:52.579733+00:00,0
3d200824-af07-406d-9b01-b5fb65d5dc50,e9c85da6-8102-462c-a857-f6181de52ca1,Harold,Nash,h.nash@icloud.com,+447700900105,63 Marsh Way,EH3 9QA,c_9f05,2026-02-01T17:20:52.579733+00:00,0
2d08648b-0f50-4718-9e90-0719b36eb9e7,5791276b-0909-4752-a65e-41c41a55bbd4,George,Adu,george.adu@gmail.com,+447700900106,88 King Street,G1 2AB,c_9f06,2026-02-11T17:20:52.579733+00:00,0
73814d21-5cea-4aef-8072-7e283abdd7b8,3d200824-af07-406d-9b01-b5fb65d5dc50,Priya,Sharma,priya.sharma@gmail.com,+447700900201,5 Orchard Close,LE2 3FD,,2026-03-03T17:20:52.579733+00:00,2
f5377cb0-df2b-475a-a414-5f2e6a771501,2d08648b-0f50-4718-9e90-0719b36eb9e7,Tom,Ellery,tom.ellery@gmail.com,+447700900202,30 Hazel Drive,S10 2LN,,2026-03-13T17:20:52.579733+00:00,1
97103342-c46a-4772-a326-1391153eb8b1,d66f3bf4-d699-4ab5-9fc1-f62b46283780,Nadia,Kova,nadia.kova@outlook.com,+447700900203,8 Weir Gardens,NG7 1QP,,2026-03-23T17:20:52.579733+00:00,1
855e19a2-33d4-4fad-8add-1f4f2731c970,e9c85da6-8102-462c-a857-f6181de52ca1,Ben,Achebe,ben.achebe@gmail.com,+447700900204,51 Corn Exchange,YO1 7HT,,2026-04-02T17:20:52.579733+00:00,1
ac7306ce-e1c3-4cf0-a518-3564c337ad35,73814d21-5cea-4aef-8072-7e283abdd7b8,Lucy,Tran,lucy.tran@proton.me,+447700900205,2 Dean Bank,DH1 4RA,,2026-04-12T17:20:52.579733+00:00,1
e1116be5-322b-44e8-a2af-b21fc41acfad,f5377cb0-df2b-475a-a414-5f2e6a771501,Omar,Said,omar.said@gmail.com,+447700900206,19 Firth Avenue,HD1 5PL,,2026-04-22T17:20:52.579733+00:00,1
3b108f69-68e6-43b7-acaf-61762c0bd45d,5791276b-0909-4752-a65e-41c41a55bbd4,Grace,Ito,grace.ito@icloud.com,+447700900207,44 Lea View,LU1 2TR,,2026-05-02T17:20:52.579733+00:00,1
46291c27-ccb8-43ea-a25e-a3c23a7db933,97103342-c46a-4772-a326-1391153eb8b1,Ada,Okon,ada.okon@outlook.com,+447700900208,16 Brook End,CB4 1XN,,2026-05-12T17:20:52.579733+00:00,0
cd0925c0-e8d9-41d8-a7cf-71bf94551ac2,855e19a2-33d4-4fad-8add-1f4f2731c970,Sam,Rhodes,sam.rhodes@gmail.com,+447700900209,27 Pier Road,BN1 6GH,,2026-05-17T17:20:52.579733+00:00,1
d197999f-a021-4cdf-83e3-c73d17f39c68,ac7306ce-e1c3-4cf0-a518-3564c337ad35,Elif,Demir,elif.demir@gmail.com,+447700900210,9 Kiln Court,ST4 2DP,,2026-05-22T17:20:52.579733+00:00,0
2c4d14e8-0a56-43f0-a522-461136381b08,e1116be5-322b-44e8-a2af-b21fc41acfad,Noor,Haddad,noor.haddad@gmail.com,+447700900211,12 Ferry Lane,SO14 3JX,,2026-05-27T17:20:52.579733+00:00,1
a3035c9b-dc5c-422d-b65e-58e77acefb9a,3b108f69-68e6-43b7-acaf-61762c0bd45d,Kofi,Mensah,kofi.mensah@gmail.com,+447700900212,6 Moor Gate,PR1 8UQ,,2026-06-01T17:20:52.579733+00:00,1
91acab7b-12f6-4076-9d7f-721936e16aa9,46291c27-ccb8-43ea-a25e-a3c23a7db933,Dana,Cole,dana.cole@outlook.com,+447700900213,71 Spring Row,DE1 3QZ,,2026-06-06T17:20:52.579733+00:00,1
e88ca8b3-0810-4f2b-9939-6d8abad825d2,73814d21-5cea-4aef-8072-7e283abdd7b8,Leo,Park,leo.park@gmail.com,+447700900312,18 Vale Croft,M20 3RW,,2026-07-06T17:20:52.579733+00:00,0
7d34c8bc-9a65-4133-9d01-f31d95677735,f5377cb0-df2b-475a-a414-5f2e6a771501,Arthur,Bell,arthur.bell.jr@gmail.com,+447700900301,12 Larch Way,LS1 4AB,,2026-07-13T17:20:52.579733+00:00,0
33c782a4-d1ed-4782-b5b7-141bef2daf27,97103342-c46a-4772-a326-1391153eb8b1,Margaret,Osei,margaret.osei91@gmail.com,+447700900302,9 Mill Court,M4 2QT,,2026-07-14T17:20:52.579733+00:00,0
e507801f-0f57-4be7-957e-f450eac3a786,855e19a2-33d4-4fad-8add-1f4f2731c970,Derek,Nash,dnash.bristol@gmail.com,+447700900303,6 Sable Road,BS2 8HG,,2026-07-15T17:20:52.579733+00:00,0
5bdc0232-8584-48aa-9f54-eef54a0cbcdd,ac7306ce-e1c3-4cf0-a518-3564c337ad35,George,Adu,g.adu@outlook.com,+447700900304,5 Quay Lane,L1 8XY,,2026-07-16T17:20:52.579733+00:00,0
d209a08d-a211-469e-9ce9-9a79a5bf6f67,e1116be5-322b-44e8-a2af-b21fc41acfad,Tessa,Nash,tessa.nash@gmail.com,+447700900305,63 Marsh Way,EH3 9QA,c_9f05,2026-07-17T17:20:52.579733+00:00,0
7e971f22-16f2-46ef-a596-8c8012c31e54,3b108f69-68e6-43b7-acaf-61762c0bd45d,Jack,Mora,jack.mora@gmail.com,+447700900306,12 Larch Way,LS1 4AB,,2026-07-18T17:20:52.579733+00:00,0
855c5b72-7f01-4d8f-8d91-cd2e24a299af,a3035c9b-dc5c-422d-b65e-58e77acefb9a,Arthur,Kane,arthur.kane@gmail.com,+447700900307,14 Larch Way,LS1 4AB,,2026-07-19T17:20:52.579733+00:00,0
d7b63986-0080-4e3b-adfa-10bc9182907d,91acab7b-12f6-4076-9d7f-721936e16aa9,Yara,Solis,yara.solis@gmail.com,+447700900308,3 Birch Grove,OX4 7PL,,2026-07-20T17:20:52.579733+00:00,0
6df17ab9-a9b9-4266-93b5-2eaf290cc282,2c4d14e8-0a56-43f0-a522-461136381b08,Sana,Iqbal,sana.iq@gmail.com,+447700900555,11 Rope Walk,PL1 3TT,,2026-07-25T17:20:52.579733+00:00,0
e5e0afdd-cf27-4b72-ac73-a29fc1573042,cd0925c0-e8d9-41d8-a7cf-71bf94551ac2,Zoe,Quinn,zoe.quinn@gmail.com,+447700900311,40 Ash Row,SW9 1DE,,2026-07-26T17:20:52.579733+00:00,0
108446c6-57f9-4051-b9fd-51411ef8e41a,73814d21-5cea-4aef-8072-7e283abdd7b8,Nina,Okafor,nina.okafor@gmail.com,+447700900313,7 Dockside,E14 5AB,,2026-07-26T17:20:52.579733+00:00,0
